trade_id,TradingDateTime,InstrumentIdentificationCode,Price,Quantity,VenueMIC,BuyerLei
INT_100000,2024-01-11T23:15:00Z,US7469267437,95.0,92,XNSE,VY01POCGUIRDYNIZBT1G
INT_100001,2024-01-29T11:14:00Z,US0317315593,484.94,255,XNYS,J9N4OHNWUPRXZY2OAYGI
INT_100002,2024-01-02T20:55:00Z,US2072204969,168.79,206,XNSE,V08A8NCAEZN0IOOZM55D
INT_100003,2024-01-05T10:14:00Z,US3625198453,271.97,393,XNYS,6A0MCFH0I6XO55XLBCQB
INT_100004,2024-01-01T14:14:00Z,US0021495636,187.05,327,ARCX,VKP6IFP2CT9SZCST5G6R
INT_100005,2024-01-06T15:55:00Z,US1692698301,482.88,59,XNSE,I8SPCTX6XKH9T8Y8Y2RR
INT_100006,2024-01-20T21:23:00Z,US3043776200,128.98,1441,XNSE,007U3616ESD8Q132F8X2
INT_100007,2024-01-01T11:39:00Z,US3460218959,39.86,171,XNYS,VWB0BZQ6I2Z8YXMG9TAH
INT_100008,2024-01-08T13:33:00Z,US2611652895,67.89,92,XNAS,EDF538PM3SQS1ZZWILAA
INT_100009,2024-01-06T10:05:00Z,US8740645629,380.13,440,XNAS,3ELPZZU963WJE974JS5A
INT_100010,2024-01-04T04:51:00Z,US7610371200,411.11,231,XNYS,2ML4B8WQZH2ZJZ7GDK29
INT_100011,2024-01-20T00:24:00Z,US9487202310,173.7,462,XNSE,MWY83QTYVMS9LSLIG1N4
INT_100012,2024-01-04T19:26:00Z,US4428343468,354.39,205,ARCX,QGMI0BE2SHAVQGYD9F4S
INT_100013,2024-01-19T14:30:00Z,US9926219378,342.11,792,ARCX,Y6F5UPUK98STRNO4ACPW
INT_100014,2024-01-24T16:41:00Z,US7574793979,133.68,66,BATS,QI6TM12M8FREYBJ3E6AR
INT_100015,2024-01-17T13:13:00Z,US5001820465,269.5,38,XNSE,WJJSQUNIAMDA5714HZ7C
INT_100016,2024-01-30T19:44:00Z,US4806441265,320.14,156,BATS,6XO3QE2DJQJQTXE7FBMK
INT_100017,2024-01-17T19:34:00Z,US5737378221,115.81,188,XNSE,1VUFAELZ7NZ0IZV3QZ9A
INT_100018,2024-01-16T09:55:00Z,US7596719726,20.08,237,XNYS,8OY1JQVZYQMTYDJCR9V7
INT_100019,2024-01-11T22:08:00Z,US2984539175,122.43,284,XNSE,D3K34XIC49X4FBT1KDOF
INT_100020,2024-01-14T03:35:00Z,US2817924595,267.27,281,XNAS,K9MC6FJEWJBMBTAIQIKO
INT_100021,2024-01-26T04:18:00Z,US0414781220,289.36,65,XNSE,38UESNZDYYRHN56WO6YQ
INT_100022,2024-01-13T18:21:00Z,US7262552627,288.71,817,XNSE,06DVBJEJ6M49XO2HE2DL
INT_100023,2024-01-12T10:38:00Z,US3943975576,473.91,143,ARCX,RY6L9DEH14I2NVKWAUZ9
INT_100024,2024-01-25T21:20:00Z,US4848938498,461.87,424,XNYS,0QXYGFX62VZ1UGQTTV1G
INT_100025,2024-01-30T03:09:00Z,US2720721021,223.18,115,XNYS,DAH2C5JJS76W15G2HACX
INT_100026,2024-01-06T21:59:00Z,US4220712773,165.38,112,XNYS,G6WUSS92RBAETKBCWLTE
INT_100027,2024-01-05T22:03:00Z,US3957097601,138.0,51,XNYS,IVDZ27WKFRU97QYLWVU0
INT_100028,2024-01-21T10:02:00Z,US1846909491,303.56,104,XNYS,KK987XVE69TS8Q7IZBII
INT_100029,2024-01-24T14:48:00Z,US7986221425,183.68,181,ARCX,QJLPXSH4UQWPFHYRYLOZ
INT_100030,2024-01-20T09:35:00Z,US6069459646,431.71,142,BATS,QN4X87CZWOD2VYMR6PB8
INT_100031,2024-01-26T18:34:00Z,US1263048789,171.5,293,ARCX,CN3DRYAOIOXDLFXKM7YG
INT_100032,2024-01-12T01:34:00Z,US9189809275,261.54,42,ARCX,8RQXC58MYIDN7KC12ICY
INT_100033,2024-01-21T06:32:00Z,US7841757491,113.99,262,XNSE,MQ52C70M6FXSP16MY90G
INT_100034,2024-01-07T06:17:00Z,US6994613161,317.75,179,XNYS,X8FS3GJ571O32VDT59D0
INT_100035,2024-01-06T14:33:00Z,US5971132360,246.88,155,BATS,DQ8MO22K5BNTVK0CQ12U
INT_100036,2024-01-20T20:42:00Z,US5284209512,432.86,42,BATS,YQ2HO0GC2XCTOY3NGQT9
INT_100037,2024-01-07T09:28:00Z,US5441770741,200.79,628,BATS,6HKVXQL5OPV1T6J56B66
INT_100038,2024-01-17T01:16:00Z,US5615699119,354.71,195,XNAS,45LHH1TGKTPDFVZCNKRL
INT_100039,2024-01-02T02:00:00Z,US2926376462,15.33,66,BATS,5C1J82O6GL3U4XTD1TX5
INT_100040,2024-01-23T03:00:00Z,US3113569229,317.62,252,XNAS,93WNNBENYTBFQY1B8EAL
INT_100041,2024-01-26T02:22:00Z,US9259980437,354.85,42,ARCX,L1OFTNBITZ2A8FE6NLTX
INT_100042,2024-01-17T13:37:00Z,US8671653631,224.66,195,XNSE,7AZJ3RQZHL0HYD6AS4PN
INT_100043,2024-01-19T17:44:00Z,US1158088848,327.0,77,ARCX,F7RMWSKAXGYUOALGOUS2
INT_100044,2024-01-07T04:47:00Z,US2592791824,17.69,12,XNYS,E7O9OWFUWPOY9KODUMVS
INT_100045,2024-01-05T23:11:00Z,US2793110398,66.0,1466,ARCX,4G9TDGAMVUV1IZIOJXHX
INT_100046,2024-01-24T16:04:00Z,US1723698123,121.44,47,ARCX,UQVO81G5KJINMYB8GURC
INT_100047,2024-01-23T03:50:00Z,US0672395963,447.62,115,BATS,FDMBE05UHHCCVFBWBQ87
INT_100048,2024-01-23T05:27:00Z,US9348698607,496.28,49,ARCX,UTFVRH56PL7N96WBUB0I
INT_100049,2024-01-27T10:27:00Z,US9316525543,465.64,108,XNYS,83X3NFCPGNIOU8B0B8RN
INT_100050,2024-01-21T02:17:00Z,US1850305322,38.75,102,XNYS,L551M4NTR2F52BWS4ES7
INT_100051,2024-01-26T10:18:00Z,US7862824826,35.83,55,ARCX,Q298G01VNGVEB0UOUJWE
INT_100052,2024-01-18T05:37:00Z,US4414302043,327.6,100,BATS,UMQIAB26JU1K7HVHOQWX
INT_100053,2024-01-21T21:51:00Z,US0647786027,22.61,258,ARCX,9KOSG1EE35HJ51Q4HYIB
INT_100054,2024-01-09T05:04:00Z,US3888961943,293.3,157,ARCX,JOQRIYNYV3TU5U853LRU
INT_100055,2024-01-12T02:37:00Z,US7665585114,409.8,194,BATS,MV6CSW23YHPHAECAD857
INT_100056,2024-01-24T17:56:00Z,US6188335999,479.25,67,XNAS,P4FSDDTJX8ZUUJDTQGD2
INT_100057,2024-01-17T03:05:00Z,US7711220257,393.52,283,XNSE,936R1K6QFDT0OFNKIZPE
INT_100058,2024-01-06T18:49:00Z,US2055024292,231.8,248,XNSE,8AX9F4TXY9U3X3V1G81N
INT_100059,2024-01-20T11:27:00Z,US9858373198,161.02,87,BATS,KTXOGUZNURECWZXSYUL6
INT_100060,2024-01-18T16:30:00Z,US8656007198,116.94,1304,XNYS,VBJ7PVLXJ85GUTZDVOUO
INT_100061,2024-01-01T13:01:00Z,US8799018727,198.41,380,BATS,SEKLJHX19UHIORTFLBGP
INT_100062,2024-01-01T04:42:00Z,US7500674435,494.27,62,XNSE,U3M7D140EYC6DYT7ZE81
INT_100063,2024-01-21T22:09:00Z,US2818471529,60.91,465,XNYS,7RKWVQEK3O086TP7B81F
INT_100064,2024-01-15T21:27:00Z,US2398542844,334.17,306,XNYS,0W07N9H8S3NTYXNZWVSC
INT_100065,2024-01-04T12:35:00Z,US6868237543,124.74,289,XNAS,N3DD1HBVP23L8KUUETC6
INT_100066,2024-01-14T19:40:00Z,US3201707675,446.8,247,XNSE,T2DG11DVLCVBX70AHWFV
INT_100067,2024-01-05T15:56:00Z,US5972908027,226.5,586,ARCX,MHT6ZUIXQXUMKSKMASLH
INT_100068,2024-01-30T05:32:00Z,US0969478660,195.0,73,ARCX,1T6LOB2JBKMJNRI1CTF0
INT_100069,2024-01-22T02:13:00Z,US7108206944,111.95,209,XNAS,1UR98I375CC1OWK596X7
INT_100070,2024-01-12T09:10:00Z,US4700329120,421.65,165,ARCX,DE3XCKDZ00FO38WFDRI2
INT_100071,2024-01-11T09:33:00Z,US5344801546,154.65,491,XNSE,UUKDA1X8M7K9Q8RVXSUH
INT_100072,2024-01-25T14:28:00Z,US5241554564,472.3,276,XNAS,5F9K6XWO0KQN0R1DG8IH
INT_100073,2024-01-02T15:44:00Z,US0725246155,347.8,102,XNYS,PLBX8338SHZG3GCA9YAO
INT_100074,2024-01-09T23:35:00Z,US8032176813,59.94,122,ARCX,SPBQ7PBBZM47CHWN02AQ
INT_100075,2024-01-25T17:16:00Z,US2428850669,314.27,85,ARCX,N1XOV3DMWHRL4N7R7KLO
INT_100076,2024-01-17T08:25:00Z,US9155067178,433.94,178,ARCX,FLQWZ260YJWUUM6XKQDY
INT_100077,2024-01-12T06:11:00Z,US2490456821,386.54,51,XNAS,MRM94BPIIKV69W7IXHG9
INT_100078,2024-01-14T14:44:00Z,US7550342805,345.58,58,XNSE,XBVQ9NJ8YCQLX2Y9ZAT1
INT_100079,2024-01-30T22:31:00Z,US9549814564,370.82,164,ARCX,LPP9MG9I5KH6WYHVDC22
INT_100080,2024-01-24T12:30:00Z,US9397864731,106.47,645,XNYS,YJSKMHD41KAX4ZETK607
INT_100081,2024-01-16T00:25:00Z,US4555192570,497.52,205,XNYS,1FPD8ZLKYRSWRZFD27QP
INT_100082,2024-01-07T01:11:00Z,US9730603715,393.29,462,ARCX,UXBH0V02CMJ9I07A5Y2G
INT_100083,2024-01-25T10:59:00Z,US2206901334,330.03,210,XNYS,TWJKEAQV72DEKU8LZSGG
INT_100084,2024-01-04T03:57:00Z,US6931378268,232.7,292,BATS,XDC7WWE4FJGUTCVD1L9E
INT_100085,2024-01-25T15:57:00Z,US8285367545,332.2,102,BATS,57IQK5JVQDYUAY9QXBO5
INT_100086,2024-01-14T12:16:00Z,US6968018855,220.49,310,XNAS,ZO955DRS8N6N7DX2SF6S
INT_100087,2024-01-28T05:14:00Z,US5722983361,337.99,464,XNSE,CPSRPH6LKE0LQF6E1NE6
INT_100088,2024-01-12T09:22:00Z,US4163035666,142.54,98,XNYS,HZ2JQBFE1ERZT0LGCJ7Y
INT_100089,2024-01-04T23:55:00Z,US9559665385,231.72,192,BATS,VCFO0JI65F9B2DASZYJO
INT_100090,2024-01-24T15:19:00Z,US3180036083,310.54,305,XNAS,08UY1OD2I0ZS1QTW56E7
INT_100091,2024-01-20T03:46:00Z,US1691523729,130.41,60,BATS,QIFY16IRUB9O1R7VKMDV
INT_100092,2024-01-21T11:33:00Z,US3062518055,471.55,657,XNYS,TS8DEADL0WYUXY55E9P6
INT_100093,2024-01-01T02:16:00Z,US2265854960,233.61,161,XNAS,I2WM5WQUBFR3V63Q5NJ9
INT_100094,2024-01-19T15:09:00Z,US6525778002,105.82,658,XNYS,A72M2XZQGMEZCGAQYCO2
INT_100095,2024-01-21T21:15:00Z,US8587708582,146.33,88,XNSE,BOCK3RB5HVFL9O1RBMOT
INT_100096,2024-01-19T07:05:00Z,US2225763391,403.22,121,XNSE,Y9HI5Q8S2G1I1F2QPW4C
INT_100097,2024-01-01T08:09:00Z,US4599577871,454.38,147,ARCX,PQZBLZWR5CC3A351UM09
INT_100098,2024-01-24T14:38:00Z,US6657394307,280.88,106,XNYS,2GMRBHK60TL405JC084O
INT_100099,2024-01-25T17:38:00Z,US4254255710,24.27,242,BATS,PEUJSYD2SBJYTSWXK71E
INT_100100,2024-01-16T09:24:00Z,US1350935816,323.91,88,XNAS,VSAGDAOLVVQ2NT6OLT3C
INT_100101,2024-01-04T14:53:00Z,US1405135977,352.81,173,XNSE,3QTPGP0WXI8TQ4HO43TL
INT_100102,2024-01-05T19:53:00Z,US2116913157,486.67,114,XNAS,WKH23J19M59ZVD4RXWVB
INT_100103,2024-01-25T03:39:00Z,US4597726006,200.88,116,XNYS,7IVMYRLQOOOMQ5ITZ0UR
INT_100104,2024-01-01T07:26:00Z,US5268216638,369.44,154,ARCX,4DHYM513C1C7PV5HHFN5
INT_100105,2024-01-10T18:39:00Z,US0438849365,313.62,569,XNYS,TMQ96AOMQXH0WHHZM1YP
INT_100106,2024-01-24T06:09:00Z,US6114460723,66.08,688,ARCX,IA8K7PI5OL6NHH0LAK4Q
INT_100107,2024-01-29T22:52:00Z,US4767551542,388.75,124,BATS,UBS1QFS1BDVZ9M5Q9S81
INT_100108,2024-01-23T14:31:00Z,US7713587768,92.71,39,XNSE,PO8LZ7W4TLWDWAYB3CUY
INT_100109,2024-01-09T07:49:00Z,US0359938478,180.79,348,BATS,WD0RU18VWCJYHKE2EIBA
INT_100110,2024-01-05T02:18:00Z,US6975986947,117.13,98,XNAS,UOQV8PHQQZMQQNF8NHO0
INT_100111,2024-01-07T13:40:00Z,US5459068194,128.64,980,BATS,DQNNMGOS8Q8ST985XQGA
INT_100112,2024-01-07T11:43:00Z,US4373912577,419.07,61,ARCX,P83JRE27WE3FD2WF5RO5
INT_100113,2024-01-30T03:49:00Z,US7290330824,411.11,48,BATS,TVKMCILWN6RIWJSEW3Y1
INT_100114,2024-01-25T10:23:00Z,US8998968823,415.92,142,XNSE,BLRKPR8ZPFLMDBZ00OHG
INT_100115,2024-01-09T11:25:00Z,US0073474935,435.99,139,XNYS,2CO9SMU02TYF9BV5PRE9
INT_100116,2024-01-15T13:10:00Z,US5353338622,74.85,196,ARCX,ETWKVD27MI4GDS348U4S
INT_100117,2024-01-16T12:17:00Z,US1170647064,13.02,213,XNYS,K15A1GBXDSZKKCLC0BPB
INT_100118,2024-01-10T15:47:00Z,US8997078594,352.18,103,BATS,YBLILZIJ57TBA9X0B4NB
INT_100119,2024-01-19T21:56:00Z,US3674941719,75.92,112,ARCX,NP9Y569TRCW5PEDUN4NF
INT_100120,2024-01-05T23:08:00Z,US6085143670,78.37,266,XNSE,8EI2FY4VBE0YHATW5KXK
INT_100121,2024-01-02T18:55:00Z,US3209400135,348.85,22,XNAS,LTTIDS0MMV1VSHHZZWM1
INT_100122,2024-01-15T08:50:00Z,US6269951253,405.91,342,BATS,GKDYLZLXPMYDK5GK1WW1
INT_100123,2024-01-04T05:13:00Z,US5203202378,196.7,188,XNSE,WYGVQRJJG06A7DQDZDAG
INT_100124,2024-01-22T11:08:00Z,US7723138123,237.61,20,XNAS,VKBL39RZGAZWZFFHXVSR
INT_100125,2024-01-29T06:16:00Z,US0945685460,179.01,192,XNYS,RCGR64KDRD72XVBFYUP4
INT_100126,2024-01-29T14:23:00Z,US2608954649,190.04,173,XNSE,SJ12O8FLM2SCHHTDUCHW
INT_100127,2024-01-05T11:57:00Z,US4866518570,27.56,508,BATS,YLYQZN9WFEYRMN1R105I
INT_100128,2024-01-06T00:35:00Z,US8129757648,295.91,42,XNSE,LMKS8ZNXAVWSRL116S1Z
INT_100129,2024-01-04T21:22:00Z,US5655276654,68.15,246,XNAS,WW53MRWO6UW0RXGT0F0I
INT_100130,2024-01-29T06:54:00Z,US9706345408,454.47,65,XNSE,KNBC86XSRX8A9Y7YP72S
INT_100131,2024-01-06T02:29:00Z,US0920176118,296.06,26,XNYS,4J3RXI4ODIIZDQPO8EET
INT_100132,2024-01-15T01:05:00Z,US3998728424,339.07,148,XNYS,GBWUW2NZE4Y4TQBYM1FC
INT_100133,2024-01-23T10:50:00Z,US4252783862,95.49,469,ARCX,HR1PSQMG0J79YFXRWF2Y
INT_100134,2024-01-11T18:31:00Z,US9212529457,402.61,382,XNSE,HD8CG0A0PGWK69Q8E5C8
INT_100135,2024-01-24T17:19:00Z,US0736115151,138.93,73,BATS,7X553MA7ON27RG24YNH0
INT_100136,2024-01-10T11:48:00Z,US8734452419,27.8,97,ARCX,73FQYEETPIEBI9VVV726
INT_100137,2024-01-28T02:08:00Z,US7331098635,120.16,74,XNYS,MRMQORW37DCGRGFVAD2U
INT_100138,2024-01-27T20:10:00Z,US9272537570,96.54,166,XNAS,32VKT27A43RQNWYOVCS7
INT_100139,2024-01-21T11:31:00Z,US5402044579,385.87,48,XNYS,GGO7DNNPG5SBJQLFV5TA
INT_100140,2024-01-25T22:17:00Z,US2150669690,474.15,99,XNSE,6PWPN2Z8OCW276WGC54R
INT_100141,2024-01-14T21:48:00Z,US3569691340,484.03,45,XNYS,P5O01QB9GMOYWVZ6KJYX
INT_100142,2024-01-22T18:56:00Z,US4818783004,123.91,772,XNYS,XJQRTRQIN24DRTIMO0O1
INT_100143,2024-01-10T21:39:00Z,US8990142109,153.12,277,ARCX,CZ8H9G9PXAYJPPH21FPT
INT_100144,2024-01-30T09:17:00Z,US9960983233,240.17,135,ARCX,6MNX7ZU19BIWOMWQBTTC
INT_100145,2024-01-06T04:49:00Z,US2153513542,279.97,256,BATS,0GEKOCEWIOC2FQZUHUKH
INT_100146,2024-01-07T01:38:00Z,US6956189900,33.37,137,XNYS,VDRESBLQJ7FHKLIBHK9J
INT_100147,2024-01-04T13:27:00Z,US9514541637,147.5,584,XNYS,VJFQXJHUFUX6R15L0J5Z
INT_100148,2024-01-24T06:25:00Z,US6670411041,328.62,100,XNSE,JWKBZ96MYDSR3SWPALX7
INT_100149,2024-01-21T23:45:00Z,US4952297991,482.02,367,XNSE,GZZXLPWI5OMEKJMOG158
INT_100150,2024-01-19T21:20:00Z,US9464067637,443.19,550,ARCX,18E77MNKD6GHJOOE2SJL
INT_100151,2024-01-03T18:25:00Z,US7386134284,474.1,118,XNAS,ND2O1PLE7A5ZQ0X8ZWVD
INT_100152,2024-01-01T13:55:00Z,US6107767216,399.91,275,BATS,39CVVLUD44WTOW1PUOQM
INT_100153,2024-01-11T22:41:00Z,US3333268431,8.54,763,XNYS,JJ0UHA1NU3UIQE4S96MN
INT_100154,2024-01-28T04:12:00Z,US0399580694,445.77,158,XNSE,RF2S6ACU8CYT7UWFMWIQ
INT_100155,2024-01-16T18:58:00Z,US5993801320,434.25,78,BATS,9DYE3LDX2IDXNERSLRQ3
INT_100156,2024-01-16T03:02:00Z,US0872523040,96.78,85,ARCX,1R2RH47G9RIIH8REN13D
INT_100157,2024-01-11T05:44:00Z,US1563563780,28.72,98,XNYS,LRBJO3QDG47F7ONF5CCV
INT_100158,2024-01-10T15:30:00Z,US0671396703,112.64,772,BATS,DX8CD84YMDNM0FQ98QBM
INT_100159,2024-01-09T15:38:00Z,US5622974366,56.69,72,XNSE,J6P8CEZKGJ7CH4KGBF5T
INT_100160,2024-01-11T06:39:00Z,US6605655153,290.79,417,ARCX,ER34JORW6P871B3MPE1T
INT_100161,2024-01-26T11:41:00Z,US9694546149,288.23,231,XNSE,DC2K6K06U4B09KRA8841
INT_100162,2024-01-28T18:18:00Z,US3221194811,159.27,181,XNSE,FCJEZUZZHEOPAPC4MPUB
INT_100163,2024-01-08T21:13:00Z,US8770465472,17.37,272,ARCX,42IO3ZJ2P9TVGW2P14N6
INT_100164,2024-01-08T11:10:00Z,US7920764969,481.55,347,XNYS,YCFFBRWBLVTXTAAQA3CK
INT_100165,2024-01-04T21:31:00Z,US9079273702,82.6,225,XNAS,ZDE8MJKR7WGCLGZ6OBG5
INT_100166,2024-01-18T12:51:00Z,US0725386892,53.32,47,ARCX,PRVBU92ZUQP4I4NBN68T
INT_100167,2024-01-28T21:24:00Z,US3662409990,123.47,255,XNAS,NYOF2O2DRPKNCRTYMDN6
INT_100168,2024-01-26T23:03:00Z,US1454890212,202.72,98,BATS,YM8WIB4B5RMEJY73GFCM
INT_100169,2024-01-05T08:29:00Z,US4590903161,76.43,116,ARCX,V33H7ITYSEKOHSW05Z0S
INT_100170,2024-01-09T15:34:00Z,US0242066974,300.83,169,XNSE,W6R3ZPM6ZABFXR0H1JQ2
INT_100171,2024-01-11T01:25:00Z,US9625266718,226.2,72,XNSE,IOBYM778CFSCRILECK3D
INT_100172,2024-01-03T13:15:00Z,US1814725369,208.51,66,XNYS,J5BXWB4Z2CNYACZRIWUA
INT_100173,2024-01-15T11:38:00Z,US6307932617,484.26,57,XNSE,KE80BX46314KWB08BUEU
INT_100174,2024-01-26T15:01:00Z,US1818958820,305.85,103,XNAS,3E7VMCT4EX6HXTPLMY5X
INT_100175,2024-01-27T07:03:00Z,US6113045897,195.63,232,ARCX,P8ZR2WNO6YUQWQN2T3SM
INT_100176,2024-01-06T11:50:00Z,US1805025274,387.72,217,BATS,Z3PGP8PL8U9Q5FX0TYBI
INT_100177,2024-01-09T17:06:00Z,US5606045198,437.83,155,XNYS,425QN9X0Y5RRZI8HTVS3
INT_100178,2024-01-30T19:42:00Z,US0636244191,60.45,600,BATS,1BH2KRNJ8I8KLCN1KYUJ
INT_100179,2024-01-04T05:35:00Z,US4316437882,326.52,391,XNYS,Q47FVNCL9LBBOW2Q5G31
INT_100180,2024-01-27T06:40:00Z,US5275174775,82.15,176,XNAS,L1GWU7KV821RNR1XHHD0
INT_100181,2024-01-27T12:32:00Z,US7698416766,315.96,219,XNYS,RYG1EC4TSKCWGWG7SIRY
INT_100182,2024-01-11T22:42:00Z,US6793224092,490.8,148,BATS,3BIB26J7H6FS50A65EQH
INT_100183,2024-01-28T06:47:00Z,US2164531826,189.0,507,BATS,8H0175OQ6P2I62MUUEJF
INT_100184,2024-01-22T01:48:00Z,US3879808298,137.29,140,XNSE,AD3L8M4WDPGV2K62LGZI
INT_100185,2024-01-21T20:28:00Z,US8701170394,468.08,189,BATS,U4EM1Y8G5CVHQ06QL0HW
INT_100186,2024-01-15T20:00:00Z,US1302777554,106.58,67,XNAS,L5YRO5F87ERPHY5ZV4JL
INT_100187,2024-01-30T18:59:00Z,US6895573264,484.56,289,XNAS,7GWGYCT73QJ8TR09W5JK
INT_100188,2024-01-15T13:28:00Z,US1340775472,485.37,46,XNYS,LJGA9UXYGQ23G6GXKIL8
INT_100189,2024-01-03T06:51:00Z,US6294670161,270.86,26,XNYS,BPMQUSGHMBKXFZGSF2BS
INT_100190,2024-01-14T22:40:00Z,US6880025190,133.06,22,XNAS,0Q29ZQVYBVED9FUMYZT6
INT_100191,2024-01-24T11:57:00Z,US7377282015,336.23,127,XNAS,0NXC38NL12QUWTK7JJF9
INT_100192,2024-01-03T00:54:00Z,US9845051587,156.32,38,XNSE,9LKLGK946MRXI4JBOC4F
INT_100193,2024-01-04T16:42:00Z,US3958116113,217.31,104,ARCX,G3EKA7ASBUTWUXDLVTRA
INT_100194,2024-01-09T08:55:00Z,US3476775915,158.14,248,XNSE,CJNL3555ZABQ3G0IV7AI
INT_100195,2024-01-12T18:20:00Z,US8851968526,297.69,101,BATS,SQZVH6B3TRJXDDMYMRXB
INT_100196,2024-01-24T18:58:00Z,US2869094828,295.74,155,ARCX,F7I6F472N99OHZ9U1DPV
INT_100197,2024-01-26T21:29:00Z,US1996106403,203.01,53,XNAS,67JTAMAEPO14WQ7MNK15
INT_100198,2024-01-26T02:39:00Z,US0897414503,270.06,75,XNYS,LJ7J3VFB3B5PLAHMOHJE
INT_100199,2024-01-18T20:58:00Z,US3341819198,419.54,150,ARCX,FNDZQSF2KP3YKGZVYS4Z
INT_100200,2024-01-13T19:34:00Z,US8118284517,245.39,39,XNYS,AJD8JKNLQP8BKC2RTN74
INT_100201,2024-01-20T06:55:00Z,US8277225030,191.7,135,XNSE,KT8KHD030UTDKMIDLIMZ
INT_100202,2024-01-28T09:42:00Z,US9272094195,7.33,384,XNAS,MPBQ5HCLTPNP63LOR1WN
INT_100203,2024-01-25T18:05:00Z,US6395785835,337.78,1554,ARCX,WEYHPOAVCN9RRCJA00KE
INT_100204,2024-01-21T04:07:00Z,US2463428986,158.32,314,BATS,OD6X9J9TKLR3TYLUYKIY
INT_100205,2024-01-04T07:44:00Z,US0087448226,234.46,63,XNAS,AZYPOZPN2XOSH7B0J8WH
INT_100206,2024-01-01T15:09:00Z,US0300906631,47.47,32,ARCX,AQ4J2RFLNJTO4GJJ13CO
INT_100207,2024-01-08T20:39:00Z,US3869675729,384.0,383,XNAS,RGZHF3W5VI4GIMC86U47
INT_100208,2024-01-12T21:57:00Z,US4032045125,208.41,734,ARCX,I5FN1XMLSU0SXZ1R92QD
INT_100209,2024-01-03T22:18:00Z,US3982188059,60.96,260,XNYS,CDOHSZJNS3E4GS4X7WF9
INT_100210,2024-01-19T15:47:00Z,US8957893071,187.09,272,XNAS,NYOBXNG9X030OZAD2AVK
INT_100211,2024-01-09T01:20:00Z,US7948505557,44.43,105,BATS,NE957GJQ3UMAA6YZM163
INT_100212,2024-01-01T07:12:00Z,US7047580809,185.24,141,XNYS,Q9QLTCDQO6PKTXP37AXX
INT_100213,2024-01-21T22:51:00Z,US2599824496,101.55,43,XNAS,QK38V08DPPUZ9SQZV1A9
INT_100214,2024-01-06T14:40:00Z,US5481979806,343.3,39,BATS,VRWBK46NPK6G4N1PSQZF
INT_100215,2024-01-10T15:13:00Z,US6554332976,49.31,71,ARCX,LAUSURC5JOED1DOQCJWR
INT_100216,2024-01-13T22:17:00Z,US0224280399,173.13,212,BATS,WDU4UZ8XK2CASVNNP6ML
INT_100217,2024-01-24T18:14:00Z,US0458039798,226.14,59,XNYS,1SW5M676ECGXVW3R5G6E
INT_100218,2024-01-19T19:19:00Z,US3314084519,305.31,25,XNAS,UZWR4LAICZIPXNC76XIM
INT_100219,2024-01-25T14:54:00Z,US2850463794,99.98,62,XNYS,T2FQYD3TCWRZ9HQ460DV
INT_100220,2024-01-04T21:11:00Z,US2460677855,354.83,169,ARCX,P6SUVIII0QHPR6ALFEPR
INT_100221,2024-01-11T04:34:00Z,US2989467211,452.5,244,XNYS,PPGNY5VP2PLQ0YMHELC8
INT_100222,2024-01-07T18:57:00Z,US8811630712,487.3,381,XNAS,VQW9IB5VMHAQLDM4GWXE
INT_100223,2024-01-09T00:05:00Z,US2419471739,263.75,170,XNSE,WCCG98OC23RKA2J14SC9
INT_100224,2024-01-20T20:24:00Z,US2930304467,382.21,156,BATS,MNJ4W0FZBMSA5V2BKQHV
INT_100225,2024-01-01T19:20:00Z,US1544927747,154.11,92,XNYS,BA9LI916VYRFRPOHMGQ5
INT_100226,2024-01-19T07:40:00Z,US6550492692,466.66,99,ARCX,GWSVMUAS6DC081FFW6PX
INT_100227,2024-01-03T00:12:00Z,US4412986021,118.81,721,XNSE,5RQ7G83L8KDY5T4DACVQ
INT_100228,2024-01-17T13:49:00Z,US9217251638,151.4,395,BATS,M4PF15JRDIGHGCQBO2VD
INT_100229,2024-01-03T23:01:00Z,US9072521408,42.23,289,XNSE,ILOU86SWMA2XPYW1PKCO
INT_100230,2024-01-15T14:40:00Z,US8963506536,432.43,286,XNAS,9EWOF6SM2FOPXWJQ3JS2
INT_100231,2024-01-04T07:21:00Z,US7525169637,236.89,94,XNSE,232ZSZ033CGIMOE2800H
INT_100232,2024-01-13T08:41:00Z,US2578541181,454.68,118,ARCX,K2QZWTBX40BNDM98HBF4
INT_100233,2024-01-08T20:04:00Z,US9623983214,389.4,35,BATS,2YUCRXJ0LGQAZO648AHL
INT_100234,2024-01-12T18:58:00Z,US8025734856,170.02,146,XNAS,W7K76ZBWV7OJO2WQI9IP
INT_100235,2024-01-09T10:30:00Z,US5935535972,99.57,105,XNAS,ZLNYHD1GJ9BZNPQVDSBI
INT_100236,2024-01-09T19:36:00Z,US1644683898,306.24,310,XNSE,VEDI2V0JPJFEFYD58J79
INT_100237,2024-01-08T20:42:00Z,US1808065622,311.58,73,ARCX,SFAH6UXYS2JL6GQJ4FQR
INT_100238,2024-01-11T06:39:00Z,US7752014949,91.14,63,XNSE,TZSLU7G8OAZ8YOVFOXUG
INT_100239,2024-01-27T03:09:00Z,US4435120117,208.82,91,XNSE,C8W13R96ZQGH4L4SJLTG
INT_100240,2024-01-20T10:21:00Z,US6983927080,399.44,344,XNSE,MLUJT91XEL8BIVELAVSP
INT_100241,2024-01-18T07:18:00Z,US1991296268,429.59,271,BATS,XHI3SPXU9FENDHXKQUZ0
INT_100242,2024-01-28T06:44:00Z,US5761438905,266.26,137,XNAS,PPFUD711QNGVA243OR83
INT_100243,2024-01-08T17:59:00Z,US6721726058,478.34,394,XNSE,9I92XEZN2FGRWAD8W0ZH
INT_100244,2024-01-19T13:54:00Z,US4395937240,212.87,145,XNSE,0TO01Y6NHNAPRGOXMIO8
INT_100245,2024-01-11T16:07:00Z,US6705644625,16.16,25,ARCX,23ZV62VMIXO9M0GHNL9Q
INT_100246,2024-01-10T00:01:00Z,US7406082259,62.59,409,ARCX,QUKGEUR8TOEMLUFGZHI0
INT_100247,2024-01-30T11:51:00Z,US6420848934,439.67,291,ARCX,3XG9POWL2O2UONPOD0W2
INT_100248,2024-01-12T14:22:00Z,US4873649344,196.94,72,ARCX,CUFREIT1ZRSCI94QW7EO
INT_100249,2024-01-07T13:54:00Z,US3740805029,377.64,32,XNYS,YVOJTWABSNHLZ02OA1CR
INT_100250,2024-01-12T10:39:00Z,US8967259505,401.18,361,XNYS,KZXM5DMI7GALUKN77YDZ
INT_100251,2024-01-28T12:17:00Z,US2524327925,328.61,80,XNYS,ZJDBCGP4JS1Q1SWTMMKO
INT_100252,2024-01-19T12:11:00Z,US3556461097,178.18,48,XNAS,M0OV3778SH61Y9QXUB46
INT_100253,2024-01-24T07:46:00Z,US3779797378,198.59,14,XNAS,MU18WOBL9CECSBQN10JC
INT_100254,2024-01-25T11:04:00Z,US6483954044,135.31,87,ARCX,FPZEIN3Z2SHW8485EPQ5
INT_100255,2024-01-07T13:51:00Z,US7131092756,344.89,72,ARCX,7PGPG0NN66T9G5C2XVFX
INT_100256,2024-01-11T12:21:00Z,US5704275166,179.39,272,XNSE,YB9RESR5UJVMQIXNHS13
INT_100257,2024-01-27T03:37:00Z,US5472612146,60.69,281,BATS,44MNY66OPFYODD37045I
INT_100258,2024-01-08T16:45:00Z,US6468133127,101.88,117,XNYS,4QY5LMSY4YPWNFYWLM97
INT_100259,2024-01-28T15:27:00Z,US3777701382,406.01,48,XNSE,6P2WX7GD7VEWO4IYYUIV
INT_100260,2024-01-26T09:32:00Z,US0530835678,10.64,330,ARCX,5Q8A2DW1PLUQM5OLO7FQ
INT_100261,2024-01-23T00:08:00Z,US6057082005,407.4,1164,BATS,S1WDTS07DGGZZSITPQVM
INT_100262,2024-01-22T03:11:00Z,US7451182594,410.46,151,BATS,NOQR5WW8OX1PPFBMI7Q0
INT_100263,2024-01-26T03:30:00Z,US6160865120,368.14,277,XNAS,5UXRUJXUYWVD7F148WFP
INT_100264,2024-01-04T18:45:00Z,US8616207276,330.43,136,XNSE,KJZTQQDEWJ16Z20RJEJU
INT_100265,2024-01-29T10:15:00Z,US8411609193,88.71,399,BATS,EY7IFRNSNQ82QHA9GEX1
INT_100266,2024-01-13T23:00:00Z,US2492720885,495.93,92,XNSE,MAYD9J1F0LC6J4OG9NNC
INT_100267,2024-01-18T07:45:00Z,US5225498022,168.06,1080,BATS,8D6M9SLKFL0YCCT1WCXF
INT_100268,2024-01-11T22:19:00Z,US4152541448,438.96,712,XNSE,ZTS0YW2OCJOPQSKEENZH
INT_100269,2024-01-20T22:07:00Z,US4783370353,362.15,72,XNAS,92ND9MR6UPOEFCL96964
INT_100270,2024-01-25T13:59:00Z,US9150634508,393.95,124,BATS,0VPBERC0QPFGNO602E25
INT_100271,2024-01-25T19:13:00Z,US3788729308,428.86,1830,BATS,AZ1IVH0SYUXXSBN551ML
INT_100272,2024-01-29T08:43:00Z,US2130286606,276.83,112,XNSE,4W0V0DXWSC0C1Q4JV3U9
INT_100273,2024-01-30T11:23:00Z,US5830096215,9.03,26,XNYS,3YUU1T7ERKQVTF7NWTM5
INT_100274,2024-01-20T13:33:00Z,US7755798400,407.53,134,XNAS,EWPVH6PEPGAIRCX1JIM8
INT_100275,2024-01-03T10:56:00Z,US6347337454,108.84,837,BATS,RLQOGNAC4MRQQKTJ27QM
INT_100276,2024-01-25T20:15:00Z,US5491488169,212.1,409,BATS,NIC2S95G1REWVZLSAC0R
INT_100277,2024-01-29T19:16:00Z,US0939414937,128.16,99,BATS,ZZ9AOAKBA4PVRQ3J8UPF
INT_100278,2024-01-18T00:44:00Z,US9575357791,135.15,78,XNYS,MLIDX7EODHX10A7QZXU3
INT_100279,2024-01-03T05:12:00Z,US4222503724,150.96,654,XNSE,CECMS8XXQJBWFBU82G2W
INT_100280,2024-01-22T02:23:00Z,US4799469215,24.43,62,XNAS,06V2SSFSMZVU9B30GT4W
INT_100281,2024-01-20T13:12:00Z,US3299120970,331.61,61,XNYS,D9A6GK0NVPLJXRVIQMFU
INT_100282,2024-01-27T20:40:00Z,US9147497789,392.55,121,BATS,WICHDL4YPNMGLDB8CDLS
INT_100283,2024-01-20T13:36:00Z,US8848686817,381.64,774,ARCX,7SG4RN9QIT1T90H5AQIT
INT_100284,2024-01-06T08:31:00Z,US8350842308,282.14,218,XNYS,MD9NRH50WGLYCZD9O52J
INT_100285,2024-01-01T04:31:00Z,US2321980176,303.8,66,XNSE,MAPV5POLAQ1GIVZLGOUN
INT_100286,2024-01-13T01:09:00Z,US4808539684,260.83,85,BATS,BMWY1K6XB3Q7VEPMZ4WL
INT_100287,2024-01-15T12:10:00Z,US1398983824,175.05,64,BATS,PT5WQPHS37NVQO5MU608
INT_100288,2024-01-27T00:46:00Z,US8300616698,469.6,212,XNSE,MTOD71B3ZZT1TKJWSR0F
INT_100289,2024-01-14T21:15:00Z,US4161419168,97.19,255,BATS,4WSDXT1QS8583Q2FQQNX
INT_100290,2024-01-07T12:44:00Z,US6631428502,365.87,231,BATS,KU3JZ0HHH7PMWL0V50B6
INT_100291,2024-01-08T04:26:00Z,US0375002977,17.6,200,BATS,PMTETX977SQEYRH0OMPV
INT_100292,2024-01-19T21:21:00Z,US6249553526,133.32,445,XNYS,YOXO4NNFNQRTQP5I06JQ
INT_100293,2024-01-14T09:20:00Z,US3617685353,339.22,961,XNYS,QS3WONBRF5U10B6PVMBN
INT_100294,2024-01-28T18:03:00Z,US1786383387,20.77,775,XNSE,2TN50YDUROXH1UPP8QI8
INT_100295,2024-01-19T05:31:00Z,US5703017581,117.61,1185,XNSE,OGKBJQGD894YMRUA9HUU
INT_100296,2024-01-08T13:06:00Z,US2273294387,168.95,185,XNYS,W2T62OWC2HV2BATUH08F
INT_100297,2024-01-11T17:22:00Z,US7086932588,394.73,157,XNSE,BU6X7IB3VKQ9MGP6AKFT
INT_100298,2024-01-12T10:48:00Z,US9924948930,207.71,56,XNAS,EFW3NWK4FKMLB89Q11VG
INT_100299,2024-01-29T23:51:00Z,US5918129180,31.5,21,BATS,WMNNPZZA5OUR3MX3BSYN
INT_100300,2024-01-26T03:02:00Z,US5988930179,104.62,3673,ARCX,YYCEZDG33S866NJ1N9PU
INT_100301,2024-01-01T00:05:00Z,US2213921029,431.73,66,XNSE,UUU5EIRUH7JXX567K4RW
INT_100302,2024-01-12T03:20:00Z,US6303373319,140.99,255,BATS,2DED9PYNK27VNXZ9P5F7
INT_100303,2024-01-27T06:30:00Z,US8788516268,148.42,1265,XNSE,IMNIHC65GS7NSZQ1S0S6
INT_100304,2024-01-30T20:38:00Z,US4079799919,356.91,229,BATS,7VWDWIXUPYZIO6AEIF1Z
INT_100305,2024-01-27T18:13:00Z,US5341224454,427.47,542,XNYS,UQRLKTIACUWISSW009L0
INT_100306,2024-01-18T22:22:00Z,US1372955883,297.2,313,XNYS,7H9U1FT46GHIBQQ83FD8
INT_100307,2024-01-09T10:45:00Z,US5331937918,456.07,132,XNYS,4NN2S0I1X19RY8DNZHXP
INT_100308,2024-01-24T19:37:00Z,US5551744138,136.44,334,XNAS,AHP1VRVLSYE7JGOXZZZJ
INT_100309,2024-01-17T18:55:00Z,US8697585668,106.27,338,ARCX,G1STGFYMVQV7HRXBB0NL
INT_100310,2024-01-17T06:05:00Z,US3931200642,62.51,1142,BATS,YZNNNY9DO5RNATJJX710
INT_100311,2024-01-14T04:54:00Z,US4161882732,200.0,239,BATS,5H2SFUVJJ2PAQ3ZSUQUS
INT_100312,2024-01-21T09:36:00Z,US8591854425,224.04,94,XNYS,CIKKYVITUJV2IEKAAEVZ
INT_100313,2024-01-28T21:35:00Z,US9661252134,181.41,224,BATS,VK584HT7DRDTIPZYDSNU
INT_100314,2024-01-05T14:41:00Z,US8654371709,70.5,59,XNYS,N4NEKE2KE59OSV7QLYQJ
INT_100315,2024-01-12T17:22:00Z,US7191061944,417.6,166,BATS,R28PTX8SD6BM373X6JRS
INT_100316,2024-01-29T05:43:00Z,US8963335348,118.85,467,BATS,YRRJGNOPB33R4MT8W689
INT_100317,2024-01-18T20:47:00Z,US6145939486,173.05,111,BATS,8OK4115YT1YKS1AEJ79B
INT_100318,2024-01-17T13:07:00Z,US9156956052,130.14,470,XNAS,L34D40YEFE0HIO9G5HOS
INT_100319,2024-01-21T20:08:00Z,US0929622183,439.19,52,XNAS,JU25JMWW4DCUBDAO6FGS
INT_100320,2024-01-05T18:26:00Z,US9553593781,387.51,134,XNAS,56ERJ96WE7XQ4GQ1VOOY
INT_100321,2024-01-03T10:41:00Z,US0432191313,372.93,20,XNSE,OIW9C7S1WGLNOCOXHEDN
INT_100322,2024-01-18T10:13:00Z,US5222910903,408.78,43,XNAS,9ULUUFIALNFAV7KCFFTU
INT_100323,2024-01-11T00:25:00Z,US9695604601,12.04,111,XNAS,TS5OEKO2D9WOC5JVNQUO
INT_100324,2024-01-10T15:28:00Z,US6699935828,166.29,20,BATS,3VIDHA1F9KEXRT1ME3AV
INT_100325,2024-01-20T22:22:00Z,US7854311646,33.17,471,XNSE,4CQZWF1HHS2W5J0A2C4K
INT_100326,2024-01-25T12:18:00Z,US2482544550,5.54,155,XNSE,HE3HS3O90MN3MPG08O18
INT_100327,2024-01-09T06:05:00Z,US2357996311,355.02,197,XNSE,RWMIGABDN59BNTYH1UW5
INT_100328,2024-01-26T19:06:00Z,US8120340710,224.08,128,BATS,8A2D6Q1ZH7R40PJLVPLK
INT_100329,2024-01-14T15:30:00Z,US8454090327,68.02,210,BATS,H3RDVCO86NAZHPJZ1LTN
INT_100330,2024-01-11T11:55:00Z,US1109152940,10.43,145,ARCX,VWWOZCWTHRF09OEIGTJZ
INT_100331,2024-01-30T22:05:00Z,US0076829424,471.24,164,ARCX,6DD2TWRYAO7T0VE7CQXX
INT_100332,2024-01-25T14:16:00Z,US1966843733,75.59,1865,ARCX,14QWMJPFKC1OMQG1MQO9
INT_100333,2024-01-06T18:28:00Z,US7321393946,400.44,42,BATS,L36RNVUAO9V56WBB2CG9
INT_100334,2024-01-03T03:05:00Z,US6110197770,116.06,79,XNYS,TXXZY9GJLAYPESDFZINI
INT_100335,2024-01-29T21:18:00Z,US7488295539,250.25,482,XNSE,4GQSC382N813ZG4E8N90
INT_100336,2024-01-30T09:48:00Z,US7043319056,32.12,100,BATS,0IEV4C3U8F15Y58VX354
INT_100337,2024-01-19T23:26:00Z,US3796961031,43.41,67,BATS,L1QA5HXJJ9YJSOPB2D24
INT_100338,2024-01-11T05:08:00Z,US4989523302,90.29,34,BATS,7YB7Z4I3TU2YYIZPLXZT
INT_100339,2024-01-08T11:42:00Z,US3642065961,299.23,24,XNAS,98Q1N7KM6B72DLZ1CTJR
INT_100340,2024-01-30T03:32:00Z,US9051634441,323.98,353,XNSE,0SASAQUVO5D5DA6GIAPR
INT_100341,2024-01-14T14:29:00Z,US8365276820,447.05,642,ARCX,EPO7SHJEZVWMIT1X6T3I
INT_100342,2024-01-16T04:19:00Z,US2620919300,448.45,372,XNSE,FWHBMU4909WUMZGVW3RR
INT_100343,2024-01-09T10:05:00Z,US6640187790,336.98,43,BATS,8F3H45ORMXN1KFYAYB5M
INT_100344,2024-01-20T07:19:00Z,US3761493204,64.28,75,XNAS,IW66TDA70UXO8YIQUMCD
INT_100345,2024-01-17T12:54:00Z,US7949622235,55.44,97,ARCX,R0LW7WYD33MNHXR8YQ5X
INT_100346,2024-01-04T19:15:00Z,US9995043368,362.32,214,XNYS,P87CDEJ254BL0E0W6DUX
INT_100347,2024-01-28T04:07:00Z,US4900118320,226.53,26,XNSE,UI1H4T0HU1WFCEIGDEKO
INT_100348,2024-01-12T19:33:00Z,US6757615853,266.7,323,XNAS,E4MAVOZRIAIWBNRP2KFC
INT_100349,2024-01-09T20:47:00Z,US5210704526,313.64,71,XNSE,NC59QCJRCJIK69Z0VZVE
INT_100350,2024-01-03T12:56:00Z,US1217560515,438.29,133,XNYS,MQGQXB81S6UJIF8RSEYK
INT_100351,2024-01-03T11:05:00Z,US4110712130,484.27,246,ARCX,3GVJH0JNKFU6SXR8SX7V
INT_100352,2024-01-22T00:33:00Z,US0590128499,229.31,74,XNAS,HQI5FUGG0HI1OBGRVJ6G
INT_100353,2024-01-28T14:05:00Z,US5438551567,309.3,283,XNAS,MZAHDUVCSA2W6WEGFVML
INT_100354,2024-01-17T07:27:00Z,US4977044706,136.06,309,XNYS,IJZA3OYFRACQHQYL2Y9Y
INT_100355,2024-01-28T05:55:00Z,US5017396388,61.15,375,XNAS,ACAAU356V3DWYLQOJ82L
INT_100356,2024-01-23T06:06:00Z,US0755998435,337.46,277,BATS,91DJF38J5CZOQ0RSLXEX
INT_100357,2024-01-13T10:54:00Z,US5138344975,178.85,655,XNSE,ECWJEWORYH4UBVHW5HD3
INT_100358,2024-01-03T13:05:00Z,US6031506207,331.57,93,XNSE,6651LIK6S7G4BS5JHZ3K
INT_100359,2024-01-11T20:24:00Z,US1708874424,86.84,218,XNAS,8F6UP7OFBX1AA19THAZY
INT_100360,2024-01-27T10:39:00Z,US7041026011,486.16,113,XNYS,6R2EYX26J6WKXXGUTJY9
INT_100361,2024-01-27T23:07:00Z,US7154193608,256.39,212,ARCX,TB9OV5T96OC20E4V8GFZ
INT_100362,2024-01-10T18:46:00Z,US3681825308,398.75,138,XNYS,9TPC3B8ZEBT77TYTYNLE
INT_100363,2024-01-01T22:53:00Z,US5297248466,493.25,75,ARCX,NSE94R43U3DEJ0P3M9UO
INT_100364,2024-01-28T20:38:00Z,US5559448736,332.9,98,XNYS,K03S7WACC1N3EONNHHS5
INT_100365,2024-01-27T21:00:00Z,US7294248352,319.1,72,BATS,2H4ZRRGP6CD9DIQQ6TNV
INT_100366,2024-01-10T08:02:00Z,US7589075034,430.52,588,ARCX,IVAEISH5MT93J4Y2XUIB
INT_100367,2024-01-17T00:13:00Z,US4711798674,148.87,318,BATS,4J7CH52VTF2Q47DBL8FH
INT_100368,2024-01-20T19:25:00Z,US6503552595,129.07,73,XNSE,1SPKH6JR8C01FNGJO42Q
INT_100369,2024-01-25T10:24:00Z,US9884388242,114.54,212,XNYS,KX8W5W7SBBOU8E0XGF6Q
INT_100370,2024-01-01T20:23:00Z,US6530803264,437.92,99,XNYS,292E5XSLAGQ7GQC2V2E3
INT_100371,2024-01-01T06:15:00Z,US5436344002,217.91,433,XNYS,FFEG6MAM0GCY6QNWX20W
INT_100372,2024-01-21T09:32:00Z,US2364305956,499.51,317,XNYS,FDWS4C1CNR0JOSIDOHAG
INT_100373,2024-01-25T00:11:00Z,US0602556061,480.12,94,XNSE,XHU2UC400I66Z14ATLQO
INT_100374,2024-01-03T11:47:00Z,US1881099817,208.68,170,ARCX,1ACOJUOWNOJIEYZHVYLI
INT_100375,2024-01-17T14:17:00Z,US2555441632,67.02,59,ARCX,Y411VEH1LYO7MHM9F5UG
INT_100376,2024-01-08T14:08:00Z,US6358474131,314.05,751,XNAS,V2N1U5FAUDC347STWYOW
INT_100377,2024-01-21T03:04:00Z,US3295203012,434.47,88,XNSE,IPCTJVCKYHIO5CD3MUSV
INT_100378,2024-01-09T00:36:00Z,US9163151916,213.17,54,XNAS,Q8R6DWKI3HELAOYRZCVZ
INT_100379,2024-01-19T00:46:00Z,US3485937894,306.94,36,BATS,H2UQX947BC3HGLSZ1ONN
INT_100380,2024-01-14T10:03:00Z,US0632718772,384.28,518,XNAS,A8GMAN2CXAJM9IN9JW8G
INT_100381,2024-01-14T09:18:00Z,US0631176649,18.45,112,XNSE,DFWSHMAFG0O7WXO8DQ4J
INT_100382,2024-01-26T18:17:00Z,US7533857762,200.86,106,XNYS,KMX2E8SMENVIZE2VC1NN
INT_100383,2024-01-17T21:57:00Z,US5083102240,257.01,129,XNAS,3NMTZ0YILJF7SFBOQP1U
INT_100384,2024-01-08T17:45:00Z,US7203729163,17.21,514,XNYS,XQ29L4ISQBEPQ0GHHW5R
INT_100385,2024-01-26T06:06:00Z,US6517387227,147.47,114,BATS,2JL33RX5IXZCWKJ9M2MZ
INT_100386,2024-01-24T12:29:00Z,US7720511272,50.96,62,XNAS,VDD3B29UUUDAZBIRKYZ9
INT_100387,2024-01-10T10:02:00Z,US2175762790,447.3,544,XNSE,FE7KIIHCMS75P9RN3BM0
INT_100388,2024-01-03T14:22:00Z,US8346171941,86.31,407,XNYS,29BRHOQWBF207RJQM0B7
INT_100389,2024-01-01T14:29:00Z,US2890176893,232.35,32,ARCX,Q6UZ9E6AFBEZMLEBD0JM
INT_100390,2024-01-16T07:10:00Z,US8957874450,385.7,22,XNSE,E0F5HURNOZ515MORFK5T
INT_100391,2024-01-10T01:22:00Z,US4247011381,81.95,137,XNSE,JXAY19RFBCH4SFNCA3SS
INT_100392,2024-01-11T11:16:00Z,US8468380517,329.92,56,BATS,B2B70R9S0TUW3Y407HSZ
INT_100393,2024-01-01T01:19:00Z,US5986329322,458.05,311,ARCX,3EQRUVFPBA3WASCBQ1R6
INT_100394,2024-01-30T23:27:00Z,US2793845496,476.86,116,BATS,KPWLCBX27TRNRBAT7K0W
INT_100395,2024-01-25T09:33:00Z,US6083552392,287.21,32,XNAS,S6O4UCB8PUL1L6TU9VZG
INT_100396,2024-01-22T20:09:00Z,US7775825473,308.36,107,XNSE,FOT7BPS7NX15JIX922W0
INT_100397,2024-01-05T11:28:00Z,US3999196847,498.93,735,XNAS,VZ1NIZBKQ7SRMEWX2HZO
INT_100398,2024-01-02T03:28:00Z,US9150443405,127.22,172,XNAS,P3IAHR0R5599U54PNXY8
INT_100399,2024-01-14T00:12:00Z,US7116406695,340.82,56,ARCX,R77A4APO6W7QYF4E3ELG
INT_100400,2024-01-06T16:35:00Z,US9201073201,152.03,73,XNAS,0AUJ4YTBO1MNB78YOLI4
INT_100401,2024-01-07T18:50:00Z,US9721285939,475.67,65,ARCX,2P1UB81946WQAW0Y5SXC
INT_100402,2024-01-23T12:00:00Z,US6264974286,302.42,100,XNAS,68790SE2JM2ELMVOMAAK
INT_100403,2024-01-06T15:03:00Z,US2256749505,13.81,39,XNYS,0YP97P6CWKR2EX22ZCBY
INT_100404,2024-01-06T09:30:00Z,US6302845304,28.67,41,XNAS,J5414FNWPYB7Y9PRM07K
INT_100405,2024-01-16T01:40:00Z,US6716302047,44.48,120,XNSE,WK6TYZL56JDOF0EER18V
INT_100406,2024-01-26T18:16:00Z,US9509274716,98.73,174,ARCX,YJHLC0W6NW4ML8RUAIWN
INT_100407,2024-01-15T14:17:00Z,US1544225996,234.42,70,ARCX,CESAIE76Y2YICODTWH66
INT_100408,2024-01-23T14:12:00Z,US0716591236,109.27,421,XNSE,OUXQI8TSRT3AXXS3Z2MD
INT_100409,2024-01-20T19:12:00Z,US7016727081,368.88,80,ARCX,ECJSNU1U9XQVSJKB6489
INT_100410,2024-01-03T15:21:00Z,US0435050071,34.97,49,ARCX,RFZ0KPSOZ4SXIWDJISO7
INT_100411,2024-01-03T23:19:00Z,US1201012089,70.39,47,ARCX,ZOPMY3GD3J3G98X9T5ZZ
INT_100412,2024-01-15T18:50:00Z,US0307056913,24.21,751,XNYS,SCSTYKQ8NSC7V0U40BIS
INT_100413,2024-01-22T12:25:00Z,US5663582763,377.85,68,XNYS,8Y2LLFJBYGWK9WG0MQ5Z
INT_100414,2024-01-19T18:20:00Z,US6003679803,271.26,739,XNAS,8WWZAN5JAEC0VRPBMPHH
INT_100415,2024-01-23T13:20:00Z,US8481763233,44.52,238,XNSE,729G3QMX40UAOCFN6HZO
INT_100416,2024-01-09T05:10:00Z,US2703793113,230.97,59,BATS,A8ELLUSI95845535BKTI
INT_100417,2024-01-07T20:55:00Z,US4978680825,405.37,106,ARCX,8XMDLQAQBFKRY1PL2WUP
INT_100418,2024-01-20T19:20:00Z,US9452968899,24.87,316,ARCX,BLN3S4YDM9CPZSO5UAF0
INT_100419,2024-01-02T14:35:00Z,US3148315718,24.86,397,BATS,E2VNS8XFC7BOO5UQ75W8
INT_100420,2024-01-22T12:40:00Z,US4745712844,377.07,172,XNYS,4AC4YHAGGHSQKKBD16KC
INT_100421,2024-01-17T07:48:00Z,US5458453254,491.31,241,XNAS,A7IM3GNF7P9FHXCD5A7I
INT_100422,2024-01-09T02:57:00Z,US5657874799,492.59,46,XNAS,APD21VH56M0RRMVNKV9Q
INT_100423,2024-01-03T05:25:00Z,US8379627314,97.36,126,BATS,PI4Q4WF3GK7L0LMHP282
INT_100424,2024-01-10T18:26:00Z,US0788740856,126.89,170,XNYS,1NQX7VJHUGZMP34E5PIV
INT_100425,2024-01-29T07:03:00Z,US4379802365,89.27,20,XNAS,S4BR1DAPB9AWZKAKXJNN
INT_100426,2024-01-24T00:58:00Z,US6226247366,288.96,152,XNSE,TKZCFKH2J7XQ5K7XE27P
INT_100427,2024-01-07T05:48:00Z,US8961214148,273.01,111,XNSE,RRPUJDHSI3QODFPZWMQ0
INT_100428,2024-01-01T09:54:00Z,US2136489688,430.16,146,XNYS,6XH8B6LVMJQEIMW3DUIG
INT_100429,2024-01-13T04:08:00Z,US5201709645,131.12,102,BATS,M1P1D1LP9TZZVIEQ7BG9
INT_100430,2024-01-19T01:33:00Z,US9212703641,111.67,107,BATS,UHVEQN14Q8V2JR8PG3SW
INT_100431,2024-01-02T22:48:00Z,US6072339707,144.37,294,ARCX,ZOZ1G5L85INM65S3PLJB
INT_100432,2024-01-12T05:11:00Z,US5306711035,274.23,133,XNYS,QTMXGHWNDUJV33PKV2YN
INT_100433,2024-01-22T19:46:00Z,US1534423260,363.79,123,ARCX,QEEM93DWUUFX4SLNLOS1
INT_100434,2024-01-27T06:28:00Z,US6240943060,106.59,789,XNAS,WVU3KD6LI5KXGH6YAC16
INT_100435,2024-01-14T15:54:00Z,US2995175336,132.64,1345,BATS,E6S9FO96X0KW624A7RRF
INT_100436,2024-01-16T19:26:00Z,US3948423960,435.08,84,BATS,K8QCV8UYBAGTF9U89HDP
INT_100437,2024-01-29T18:01:00Z,US5267441790,74.65,14,XNAS,1W5PJN97XRPYHXT3TRD9
INT_100438,2024-01-10T11:58:00Z,US1762559474,33.55,143,XNAS,WMZC2B1W9FK7QC7V22EJ
INT_100439,2024-01-29T17:01:00Z,US9539031926,174.48,94,XNAS,N7HGMU5KNKB7QNY0HQEL
INT_100440,2024-01-07T14:17:00Z,US4589092800,223.55,65,XNSE,R8SMDSY49DGPEW95XY1S
INT_100441,2024-01-24T23:36:00Z,US1616024588,283.65,44,XNSE,HD429MIUCYYL2KKZNPJ4
INT_100442,2024-01-29T19:55:00Z,US8697375262,499.11,17,XNYS,MFPE7F6OONEZQP8WM627
INT_100443,2024-01-16T03:38:00Z,US8923433498,95.39,414,BATS,T8VOK7XFQ149IJU742K6
INT_100444,2024-01-29T04:16:00Z,US6887045530,450.69,438,XNSE,PP9YAETE927RBP26P8QD
INT_100445,2024-01-21T07:52:00Z,US7860390321,14.91,76,XNAS,7YQ6WIFBICPYX2Z8WDNG
INT_100446,2024-01-20T07:14:00Z,US0955975506,241.66,3068,ARCX,AHCNQ7FE28R3OOP6JSC9
INT_100447,2024-01-11T14:24:00Z,US8850574400,149.19,483,XNYS,5CV0C6BKJ6GOZK0GAJUO
INT_100448,2024-01-21T05:43:00Z,US2635891152,311.48,61,BATS,D9NQCWMIUHQPP1PNT72C
INT_100449,2024-01-27T10:02:00Z,US7970950561,15.79,132,XNYS,1AWMPZ4AQPJ4J7F11MLB
INT_100450,2024-01-13T04:24:00Z,US7228883674,41.17,112,BATS,2RLWKIXYYILK1HJY9IHC
INT_100451,2024-01-27T06:58:00Z,US3412556834,108.0,222,ARCX,GFVJT1W8A2IIVBPFM6SO
INT_100452,2024-01-07T08:27:00Z,US0366451468,164.3,162,BATS,WC8M7XALHSI1N0RF6YMW
INT_100453,2024-01-25T10:09:00Z,US0961288128,374.72,30,XNYS,JSPMH4YU2FR80EGJJ19J
INT_100454,2024-01-10T21:24:00Z,US3925738542,284.87,102,BATS,1DRYRFSLY8AEAHRIED2A
INT_100455,2024-01-16T18:40:00Z,US5771833109,468.16,138,ARCX,QIIXKHYBJXPS4KFF5MC8
INT_100456,2024-01-27T06:26:00Z,US7597156784,19.12,117,XNYS,SVHEIU1DXHQ7TPJ7J33Y
INT_100457,2024-01-04T20:46:00Z,US8630273991,194.76,56,XNYS,OV4B4NJ39ON420UIT8OX
INT_100458,2024-01-06T22:27:00Z,US8722823832,442.62,52,XNAS,VFGNKLEETOZ63XWIC9GV
INT_100459,2024-01-16T23:11:00Z,US1968867920,276.49,560,XNAS,52CHB4T2QJVF74LLPYV0
INT_100460,2024-01-18T20:30:00Z,US3005150928,46.41,210,BATS,X9EF9DJAUC40QWM0TMXC
INT_100461,2024-01-25T20:16:00Z,US9011687312,153.47,587,XNSE,SJNTDE5FNFNL0ZLHJPZH
INT_100462,2024-01-19T06:40:00Z,US0603010462,142.05,194,XNYS,3I01ZR9HRT52RGA16DT9
INT_100463,2024-01-16T13:22:00Z,US6673057423,277.38,440,XNSE,5YJ8Y05LDZCQI2ART718
INT_100464,2024-01-09T20:50:00Z,US5155155546,106.01,96,BATS,BD11YZB73UW6B0V7PTZP
INT_100465,2024-01-08T11:34:00Z,US4754355505,123.92,73,XNSE,M5VGVUFNPCIU335WCACG
INT_100466,2024-01-30T00:22:00Z,US1441593028,397.05,198,XNSE,B55FYCRCEX7X917P9GRF
INT_100467,2024-01-28T13:53:00Z,US3486723631,265.19,152,XNYS,AAUY0JL156HZB87F4WL1
INT_100468,2024-01-29T18:57:00Z,US1475849389,243.7,70,XNSE,4KZ10S0TCP2O3A235J0H
INT_100469,2024-01-18T02:30:00Z,US3738334068,415.91,95,XNAS,8DTAZ7JWXM204J4JX6N8
INT_100470,2024-01-11T17:35:00Z,US9759885181,294.33,25,BATS,MWYD5OZKIKB0ZHUUHAMI
INT_100471,2024-01-21T14:14:00Z,US3908523955,344.59,262,XNSE,HJIN05DB6UAKAKGBOHZ8
INT_100472,2024-01-19T20:56:00Z,US8577963358,165.82,102,XNSE,ZSZCB1BVGDTFI4Z9Z1EJ
INT_100473,2024-01-26T22:52:00Z,US4475553029,208.82,382,XNYS,QDGYISIW454QV83ZF75Y
INT_100474,2024-01-22T11:49:00Z,US1974772464,489.72,480,BATS,F75L5QD6I73TW8WWW1S3
INT_100475,2024-01-23T01:29:00Z,US2390338716,226.17,248,XNSE,ZA9EVDBPPVAOXDRQGJAB
INT_100476,2024-01-28T03:14:00Z,US7396915560,473.46,542,XNSE,86UTHZ6Z346KEBMRZYNE
INT_100477,2024-01-09T15:47:00Z,US3389595450,65.8,71,ARCX,9VTVK4MRVQY5OMZKM6A0
INT_100478,2024-01-08T04:46:00Z,US8031538200,403.94,413,ARCX,VVTJJZY1MOFLS5K6BO9E
INT_100479,2024-01-02T01:52:00Z,US3793224274,169.79,54,BATS,LOS1GG3RXFDCFZK2TJZ0
INT_100480,2024-01-10T20:42:00Z,US4769878092,186.71,143,BATS,DT4TKAR69R48OFHVAMXU
INT_100481,2024-01-29T11:50:00Z,US5529348725,291.06,39,ARCX,SOV3T5YWE30GEOHIKV78
INT_100482,2024-01-20T23:27:00Z,US5017752150,490.97,93,XNSE,VJUFA7N90IF4Q9U01P89
INT_100483,2024-01-30T18:58:00Z,US9066552298,499.33,197,BATS,XX6Q98FP15ZKY4UCLYQ9
INT_100484,2024-01-04T14:16:00Z,US0923350013,148.53,241,XNSE,LPPQ4OM0UBHGJD98CRX5
INT_100485,2024-01-12T11:13:00Z,US6501065111,415.64,429,ARCX,GRDKTKOQ7L18H0VXB4VA
INT_100486,2024-01-16T14:59:00Z,US8240520959,167.54,810,ARCX,38IRSDF65PKV9WZ42EY7
INT_100487,2024-01-02T05:47:00Z,US5604391116,396.02,130,XNAS,LMIFJWOW7P5EQVR1MAS7
INT_100488,2024-01-19T02:10:00Z,US9162973382,249.69,147,XNSE,QL9XJ32J1RQKAQ99I16C
INT_100489,2024-01-16T10:02:00Z,US4880205205,395.41,66,XNYS,H1PJODZO95DI81IBCEJ1
INT_100490,2024-01-23T17:26:00Z,US7700200970,63.4,374,XNAS,JFY37RX00USWOB8T1OP6
INT_100491,2024-01-06T03:18:00Z,US3024169969,263.8,123,XNYS,TTH7W1M2HKRYV82UGL9X
INT_100492,2024-01-15T06:55:00Z,US9164529661,87.65,316,BATS,B8QI9V47XIBU70GVDN7W
INT_100493,2024-01-13T01:04:00Z,US8469634170,242.89,129,BATS,DO8JBX1V54SUCF5BX0IM
INT_100494,2024-01-19T05:30:00Z,US9391841956,439.25,37,ARCX,U15PJWOF6L94J7JKNC6G
INT_100495,2024-01-23T22:21:00Z,US5337635501,169.64,283,XNAS,9EEJGL3Y1MVR0HFK2EGV
INT_100496,2024-01-29T23:17:00Z,US2005871878,16.11,944,XNYS,J4KY7TG682LEL28TAP3I
INT_100497,2024-01-08T07:43:00Z,US8304824220,401.6,24,XNYS,2BQ4138TP7NZTXRIST3Z
INT_100498,2024-01-08T16:34:00Z,US5303751263,35.28,105,XNAS,6TVU08F5P1P0CU3VS4TS
INT_100499,2024-01-04T06:18:00Z,US5609439218,90.36,421,BATS,GG0J6GFFMMBSSBZFTWOF
